"obs_error","rate_of_change","replicate","sim_fisher_min_ts60","sim_log_fisher_min_ts60","regime_shift_time_ts60"
0,-1e-04,1,210,590,600
0.05,-1e-04,2,210,540,600
0.1,-1e-04,3,410,310,600
0.15,-1e-04,4,380,400,600
0.2,-1e-04,5,590,590,600
0.25,-1e-04,6,260,260,600
0.3,-1e-04,7,400,400,600
0,-2e-04,8,590,570,478.169491525424
0.05,-2e-04,9,570,570,478.169491525424
0.1,-2e-04,10,590,590,478.169491525424
0.15,-2e-04,11,590,590,478.169491525424
0.2,-2e-04,12,590,590,478.169491525424
0.25,-2e-04,13,590,590,478.169491525424
0.3,-2e-04,14,590,580,478.169491525424
0,-3e-04,15,470,450,315.728813559322
0.05,-3e-04,16,470,450,315.728813559322
0.1,-3e-04,17,450,450,315.728813559322
0.15,-3e-04,18,550,450,315.728813559322
0.2,-3e-04,19,470,450,315.728813559322
0.25,-3e-04,20,470,430,315.728813559322
0.3,-3e-04,21,460,440,315.728813559322
0,-4e-04,22,340,360,254.813559322034
0.05,-4e-04,23,350,360,254.813559322034
0.1,-4e-04,24,350,320,254.813559322034
0.15,-4e-04,25,370,390,254.813559322034
0.2,-4e-04,26,340,350,254.813559322034
0.25,-4e-04,27,390,380,254.813559322034
0.3,-4e-04,28,400,340,254.813559322034
0,-5e-04,29,320,300,193.898305084746
0.05,-5e-04,30,290,290,193.898305084746
0.1,-5e-04,31,310,270,193.898305084746
0.15,-5e-04,32,330,270,193.898305084746
0.2,-5e-04,33,310,270,193.898305084746
0.25,-5e-04,34,350,300,193.898305084746
0.3,-5e-04,35,350,340,193.898305084746
0,-6e-04,36,290,230,173.593220338983
0.05,-6e-04,37,290,230,173.593220338983
0.1,-6e-04,38,320,230,173.593220338983
0.15,-6e-04,39,310,270,173.593220338983
0.2,-6e-04,40,320,270,173.593220338983
0.25,-6e-04,41,290,220,173.593220338983
0.3,-6e-04,42,270,220,173.593220338983
0,-7e-04,43,290,260,143.135593220339
0.05,-7e-04,44,270,260,143.135593220339
0.1,-7e-04,45,300,260,143.135593220339
0.15,-7e-04,46,290,230,143.135593220339
0.2,-7e-04,47,280,230,143.135593220339
0.25,-7e-04,48,240,220,143.135593220339
0.3,-7e-04,49,290,250,143.135593220339
0,-8e-04,50,270,230,132.983050847458
0.05,-8e-04,51,260,230,132.983050847458
0.1,-8e-04,52,260,230,132.983050847458
0.15,-8e-04,53,280,260,132.983050847458
0.2,-8e-04,54,230,210,132.983050847458
0.25,-8e-04,55,310,260,132.983050847458
0.3,-8e-04,56,300,240,132.983050847458
0,-9e-04,57,260,230,112.677966101695
0.05,-9e-04,58,270,230,112.677966101695
0.1,-9e-04,59,230,220,112.677966101695
0.15,-9e-04,60,230,230,112.677966101695
0.2,-9e-04,61,230,210,112.677966101695
0.25,-9e-04,62,250,220,112.677966101695
0.3,-9e-04,63,220,210,112.677966101695
0,-0.001,64,230,210,102.525423728814
0.05,-0.001,65,230,210,102.525423728814
0.1,-0.001,66,230,210,102.525423728814
0.15,-0.001,67,270,230,102.525423728814
0.2,-0.001,68,220,220,102.525423728814
0.25,-0.001,69,260,250,102.525423728814
0.3,-0.001,70,270,210,102.525423728814
0,-1e-04,71,210,590,600
0.05,-1e-04,72,210,210,600
0.1,-1e-04,73,210,210,600
0.15,-1e-04,74,320,340,600
0.2,-1e-04,75,590,460,600
0.25,-1e-04,76,210,210,600
0.3,-1e-04,77,320,350,600
0,-2e-04,78,590,570,478.169491525424
0.05,-2e-04,79,580,580,478.169491525424
0.1,-2e-04,80,590,580,478.169491525424
0.15,-2e-04,81,590,590,478.169491525424
0.2,-2e-04,82,500,590,478.169491525424
0.25,-2e-04,83,590,590,478.169491525424
0.3,-2e-04,84,590,550,478.169491525424
0,-3e-04,85,470,450,315.728813559322
0.05,-3e-04,86,500,460,315.728813559322
0.1,-3e-04,87,470,410,315.728813559322
0.15,-3e-04,88,500,450,315.728813559322
0.2,-3e-04,89,470,430,315.728813559322
0.25,-3e-04,90,470,460,315.728813559322
0.3,-3e-04,91,450,440,315.728813559322
0,-4e-04,92,340,360,254.813559322034
0.05,-4e-04,93,370,340,254.813559322034
0.1,-4e-04,94,360,360,254.813559322034
0.15,-4e-04,95,380,350,254.813559322034
0.2,-4e-04,96,390,350,254.813559322034
0.25,-4e-04,97,380,360,254.813559322034
0.3,-4e-04,98,310,310,254.813559322034
0,-5e-04,99,320,300,193.898305084746
0.05,-5e-04,100,310,290,193.898305084746
0.1,-5e-04,101,340,270,193.898305084746
0.15,-5e-04,102,320,270,193.898305084746
0.2,-5e-04,103,310,330,193.898305084746
0.25,-5e-04,104,270,240,193.898305084746
0.3,-5e-04,105,330,260,193.898305084746
0,-6e-04,106,290,230,173.593220338983
0.05,-6e-04,107,240,230,173.593220338983
0.1,-6e-04,108,290,210,173.593220338983
0.15,-6e-04,109,270,230,173.593220338983
0.2,-6e-04,110,310,220,173.593220338983
0.25,-6e-04,111,320,270,173.593220338983
0.3,-6e-04,112,300,300,173.593220338983
0,-7e-04,113,290,260,143.135593220339
0.05,-7e-04,114,290,230,143.135593220339
0.1,-7e-04,115,240,260,143.135593220339
0.15,-7e-04,116,310,260,143.135593220339
0.2,-7e-04,117,290,240,143.135593220339
0.25,-7e-04,118,280,260,143.135593220339
0.3,-7e-04,119,270,210,143.135593220339
0,-8e-04,120,270,230,132.983050847458
0.05,-8e-04,121,270,230,132.983050847458
0.1,-8e-04,122,240,240,132.983050847458
0.15,-8e-04,123,240,230,132.983050847458
0.2,-8e-04,124,290,230,132.983050847458
0.25,-8e-04,125,300,210,132.983050847458
0.3,-8e-04,126,230,220,132.983050847458
0,-9e-04,127,260,230,112.677966101695
0.05,-9e-04,128,240,230,112.677966101695
0.1,-9e-04,129,240,230,112.677966101695
0.15,-9e-04,130,260,230,112.677966101695
0.2,-9e-04,131,230,220,112.677966101695
0.25,-9e-04,132,260,210,112.677966101695
0.3,-9e-04,133,230,210,112.677966101695
0,-0.001,134,230,210,102.525423728814
0.05,-0.001,135,230,210,102.525423728814
0.1,-0.001,136,230,230,102.525423728814
0.15,-0.001,137,240,230,102.525423728814
0.2,-0.001,138,220,220,102.525423728814
0.25,-0.001,139,260,210,102.525423728814
0.3,-0.001,140,230,220,102.525423728814
0,-1e-04,141,210,590,600
0.05,-1e-04,142,210,210,600
0.1,-1e-04,143,400,230,600
0.15,-1e-04,144,210,210,600
0.2,-1e-04,145,320,540,600
0.25,-1e-04,146,480,480,600
0.3,-1e-04,147,280,380,600
0,-2e-04,148,590,570,478.169491525424
0.05,-2e-04,149,590,590,478.169491525424
0.1,-2e-04,150,590,590,478.169491525424
0.15,-2e-04,151,590,590,478.169491525424
0.2,-2e-04,152,590,590,478.169491525424
0.25,-2e-04,153,580,580,478.169491525424
0.3,-2e-04,154,590,590,478.169491525424
0,-3e-04,155,470,450,315.728813559322
0.05,-3e-04,156,480,470,315.728813559322
0.1,-3e-04,157,450,450,315.728813559322
0.15,-3e-04,158,470,440,315.728813559322
0.2,-3e-04,159,420,450,315.728813559322
0.25,-3e-04,160,440,450,315.728813559322
0.3,-3e-04,161,490,450,315.728813559322
0,-4e-04,162,340,360,254.813559322034
0.05,-4e-04,163,380,340,254.813559322034
0.1,-4e-04,164,390,360,254.813559322034
0.15,-4e-04,165,370,360,254.813559322034
0.2,-4e-04,166,350,360,254.813559322034
0.25,-4e-04,167,390,320,254.813559322034
0.3,-4e-04,168,390,360,254.813559322034
0,-5e-04,169,320,300,193.898305084746
0.05,-5e-04,170,280,290,193.898305084746
0.1,-5e-04,171,300,270,193.898305084746
0.15,-5e-04,172,290,290,193.898305084746
0.2,-5e-04,173,330,340,193.898305084746
0.25,-5e-04,174,330,330,193.898305084746
0.3,-5e-04,175,360,270,193.898305084746
0,-6e-04,176,290,230,173.593220338983
0.05,-6e-04,177,290,290,173.593220338983
0.1,-6e-04,178,250,240,173.593220338983
0.15,-6e-04,179,240,210,173.593220338983
0.2,-6e-04,180,320,320,173.593220338983
0.25,-6e-04,181,300,260,173.593220338983
0.3,-6e-04,182,310,260,173.593220338983
0,-7e-04,183,290,260,143.135593220339
0.05,-7e-04,184,270,260,143.135593220339
0.1,-7e-04,185,270,260,143.135593220339
0.15,-7e-04,186,280,260,143.135593220339
0.2,-7e-04,187,260,260,143.135593220339
0.25,-7e-04,188,310,260,143.135593220339
0.3,-7e-04,189,290,230,143.135593220339
0,-8e-04,190,270,230,132.983050847458
0.05,-8e-04,191,270,260,132.983050847458
0.1,-8e-04,192,270,280,132.983050847458
0.15,-8e-04,193,300,260,132.983050847458
0.2,-8e-04,194,240,250,132.983050847458
0.25,-8e-04,195,300,230,132.983050847458
0.3,-8e-04,196,240,240,132.983050847458
0,-9e-04,197,260,230,112.677966101695
0.05,-9e-04,198,240,230,112.677966101695
0.1,-9e-04,199,250,230,112.677966101695
0.15,-9e-04,200,270,230,112.677966101695
0.2,-9e-04,201,270,220,112.677966101695
0.25,-9e-04,202,220,210,112.677966101695
0.3,-9e-04,203,270,220,112.677966101695
0,-0.001,204,230,210,102.525423728814
0.05,-0.001,205,240,210,102.525423728814
0.1,-0.001,206,210,210,102.525423728814
0.15,-0.001,207,230,210,102.525423728814
0.2,-0.001,208,210,210,102.525423728814
0.25,-0.001,209,230,210,102.525423728814
0.3,-0.001,210,270,220,102.525423728814
0,-1e-04,211,210,590,600
0.05,-1e-04,212,210,590,600
0.1,-1e-04,213,210,550,600
0.15,-1e-04,214,460,470,600
0.2,-1e-04,215,530,520,600
0.25,-1e-04,216,280,430,600
0.3,-1e-04,217,510,510,600
0,-2e-04,218,590,570,478.169491525424
0.05,-2e-04,219,590,590,478.169491525424
0.1,-2e-04,220,590,590,478.169491525424
0.15,-2e-04,221,590,580,478.169491525424
0.2,-2e-04,222,590,580,478.169491525424
0.25,-2e-04,223,590,570,478.169491525424
0.3,-2e-04,224,590,580,478.169491525424
0,-3e-04,225,470,450,315.728813559322
0.05,-3e-04,226,460,450,315.728813559322
0.1,-3e-04,227,470,460,315.728813559322
0.15,-3e-04,228,470,450,315.728813559322
0.2,-3e-04,229,460,450,315.728813559322
0.25,-3e-04,230,490,460,315.728813559322
0.3,-3e-04,231,410,410,315.728813559322
0,-4e-04,232,340,360,254.813559322034
0.05,-4e-04,233,350,360,254.813559322034
0.1,-4e-04,234,390,340,254.813559322034
0.15,-4e-04,235,340,370,254.813559322034
0.2,-4e-04,236,350,360,254.813559322034
0.25,-4e-04,237,390,330,254.813559322034
0.3,-4e-04,238,400,340,254.813559322034
0,-5e-04,239,320,300,193.898305084746
0.05,-5e-04,240,320,290,193.898305084746
0.1,-5e-04,241,310,300,193.898305084746
0.15,-5e-04,242,340,270,193.898305084746
0.2,-5e-04,243,310,270,193.898305084746
0.25,-5e-04,244,320,230,193.898305084746
0.3,-5e-04,245,350,330,193.898305084746
0,-6e-04,246,290,230,173.593220338983
0.05,-6e-04,247,270,230,173.593220338983
0.1,-6e-04,248,310,290,173.593220338983
0.15,-6e-04,249,310,300,173.593220338983
0.2,-6e-04,250,310,310,173.593220338983
0.25,-6e-04,251,240,300,173.593220338983
0.3,-6e-04,252,310,230,173.593220338983
0,-7e-04,253,290,260,143.135593220339
0.05,-7e-04,254,270,240,143.135593220339
0.1,-7e-04,255,290,260,143.135593220339
0.15,-7e-04,256,240,240,143.135593220339
0.2,-7e-04,257,250,260,143.135593220339
0.25,-7e-04,258,300,260,143.135593220339
0.3,-7e-04,259,320,210,143.135593220339
0,-8e-04,260,270,230,132.983050847458
0.05,-8e-04,261,270,230,132.983050847458
0.1,-8e-04,262,270,230,132.983050847458
0.15,-8e-04,263,240,230,132.983050847458
0.2,-8e-04,264,270,210,132.983050847458
0.25,-8e-04,265,220,270,132.983050847458
0.3,-8e-04,266,250,260,132.983050847458
0,-9e-04,267,260,230,112.677966101695
0.05,-9e-04,268,240,230,112.677966101695
0.1,-9e-04,269,270,230,112.677966101695
0.15,-9e-04,270,210,210,112.677966101695
0.2,-9e-04,271,260,210,112.677966101695
0.25,-9e-04,272,220,210,112.677966101695
0.3,-9e-04,273,260,210,112.677966101695
0,-0.001,274,230,210,102.525423728814
0.05,-0.001,275,260,210,102.525423728814
0.1,-0.001,276,210,210,102.525423728814
0.15,-0.001,277,210,210,102.525423728814
0.2,-0.001,278,230,220,102.525423728814
0.25,-0.001,279,270,210,102.525423728814
0.3,-0.001,280,260,230,102.525423728814
0,-1e-04,281,210,590,600
0.05,-1e-04,282,210,210,600
0.1,-1e-04,283,330,350,600
0.15,-1e-04,284,420,370,600
0.2,-1e-04,285,590,590,600
0.25,-1e-04,286,260,260,600
0.3,-1e-04,287,510,510,600
0,-2e-04,288,590,570,478.169491525424
0.05,-2e-04,289,580,590,478.169491525424
0.1,-2e-04,290,590,580,478.169491525424
0.15,-2e-04,291,590,590,478.169491525424
0.2,-2e-04,292,590,560,478.169491525424
0.25,-2e-04,293,590,590,478.169491525424
0.3,-2e-04,294,590,590,478.169491525424
0,-3e-04,295,470,450,315.728813559322
0.05,-3e-04,296,480,450,315.728813559322
0.1,-3e-04,297,460,450,315.728813559322
0.15,-3e-04,298,460,440,315.728813559322
0.2,-3e-04,299,490,450,315.728813559322
0.25,-3e-04,300,450,440,315.728813559322
0.3,-3e-04,301,470,450,315.728813559322
0,-4e-04,302,340,360,254.813559322034
0.05,-4e-04,303,350,360,254.813559322034
0.1,-4e-04,304,350,360,254.813559322034
0.15,-4e-04,305,360,370,254.813559322034
0.2,-4e-04,306,380,320,254.813559322034
0.25,-4e-04,307,380,370,254.813559322034
0.3,-4e-04,308,400,380,254.813559322034
0,-5e-04,309,320,300,193.898305084746
0.05,-5e-04,310,310,300,193.898305084746
0.1,-5e-04,311,310,300,193.898305084746
0.15,-5e-04,312,350,270,193.898305084746
0.2,-5e-04,313,280,270,193.898305084746
0.25,-5e-04,314,310,310,193.898305084746
0.3,-5e-04,315,340,320,193.898305084746
0,-6e-04,316,290,230,173.593220338983
0.05,-6e-04,317,240,240,173.593220338983
0.1,-6e-04,318,270,230,173.593220338983
0.15,-6e-04,319,290,270,173.593220338983
0.2,-6e-04,320,270,220,173.593220338983
0.25,-6e-04,321,270,210,173.593220338983
0.3,-6e-04,322,310,260,173.593220338983
0,-7e-04,323,290,260,143.135593220339
0.05,-7e-04,324,270,260,143.135593220339
0.1,-7e-04,325,270,230,143.135593220339
0.15,-7e-04,326,290,270,143.135593220339
0.2,-7e-04,327,320,220,143.135593220339
0.25,-7e-04,328,290,210,143.135593220339
0.3,-7e-04,329,300,260,143.135593220339
0,-8e-04,330,270,230,132.983050847458
0.05,-8e-04,331,240,230,132.983050847458
0.1,-8e-04,332,250,210,132.983050847458
0.15,-8e-04,333,260,250,132.983050847458
0.2,-8e-04,334,300,210,132.983050847458
0.25,-8e-04,335,240,210,132.983050847458
0.3,-8e-04,336,230,280,132.983050847458
0,-9e-04,337,260,230,112.677966101695
0.05,-9e-04,338,250,230,112.677966101695
0.1,-9e-04,339,270,230,112.677966101695
0.15,-9e-04,340,260,230,112.677966101695
0.2,-9e-04,341,240,220,112.677966101695
0.25,-9e-04,342,270,220,112.677966101695
0.3,-9e-04,343,340,230,112.677966101695
0,-0.001,344,230,210,102.525423728814
0.05,-0.001,345,210,210,102.525423728814
0.1,-0.001,346,220,210,102.525423728814
0.15,-0.001,347,270,230,102.525423728814
0.2,-0.001,348,260,220,102.525423728814
0.25,-0.001,349,250,230,102.525423728814
0.3,-0.001,350,250,210,102.525423728814
0,-1e-04,351,210,590,600
0.05,-1e-04,352,370,210,600
0.1,-1e-04,353,210,210,600
0.15,-1e-04,354,210,210,600
0.2,-1e-04,355,320,330,600
0.25,-1e-04,356,320,320,600
0.3,-1e-04,357,210,260,600
0,-2e-04,358,590,570,478.169491525424
0.05,-2e-04,359,590,590,478.169491525424
0.1,-2e-04,360,580,590,478.169491525424
0.15,-2e-04,361,570,590,478.169491525424
0.2,-2e-04,362,590,590,478.169491525424
0.25,-2e-04,363,590,590,478.169491525424
0.3,-2e-04,364,590,560,478.169491525424
0,-3e-04,365,470,450,315.728813559322
0.05,-3e-04,366,480,450,315.728813559322
0.1,-3e-04,367,460,450,315.728813559322
0.15,-3e-04,368,460,450,315.728813559322
0.2,-3e-04,369,490,450,315.728813559322
0.25,-3e-04,370,460,450,315.728813559322
0.3,-3e-04,371,480,460,315.728813559322
0,-4e-04,372,340,360,254.813559322034
0.05,-4e-04,373,390,390,254.813559322034
0.1,-4e-04,374,360,360,254.813559322034
0.15,-4e-04,375,380,380,254.813559322034
0.2,-4e-04,376,360,360,254.813559322034
0.25,-4e-04,377,370,380,254.813559322034
0.3,-4e-04,378,360,350,254.813559322034
0,-5e-04,379,320,300,193.898305084746
0.05,-5e-04,380,300,300,193.898305084746
0.1,-5e-04,381,350,300,193.898305084746
0.15,-5e-04,382,340,330,193.898305084746
0.2,-5e-04,383,270,270,193.898305084746
0.25,-5e-04,384,330,260,193.898305084746
0.3,-5e-04,385,350,330,193.898305084746
0,-6e-04,386,290,230,173.593220338983
0.05,-6e-04,387,260,240,173.593220338983
0.1,-6e-04,388,310,230,173.593220338983
0.15,-6e-04,389,260,320,173.593220338983
0.2,-6e-04,390,270,270,173.593220338983
0.25,-6e-04,391,300,300,173.593220338983
0.3,-6e-04,392,280,290,173.593220338983
0,-7e-04,393,290,260,143.135593220339
0.05,-7e-04,394,270,260,143.135593220339
0.1,-7e-04,395,270,270,143.135593220339
0.15,-7e-04,396,260,260,143.135593220339
0.2,-7e-04,397,310,220,143.135593220339
0.25,-7e-04,398,260,210,143.135593220339
0.3,-7e-04,399,270,230,143.135593220339
0,-8e-04,400,270,230,132.983050847458
0.05,-8e-04,401,230,230,132.983050847458
0.1,-8e-04,402,270,230,132.983050847458
0.15,-8e-04,403,230,270,132.983050847458
0.2,-8e-04,404,230,210,132.983050847458
0.25,-8e-04,405,220,220,132.983050847458
0.3,-8e-04,406,280,230,132.983050847458
0,-9e-04,407,260,230,112.677966101695
0.05,-9e-04,408,260,230,112.677966101695
0.1,-9e-04,409,240,220,112.677966101695
0.15,-9e-04,410,270,230,112.677966101695
0.2,-9e-04,411,240,210,112.677966101695
0.25,-9e-04,412,250,240,112.677966101695
0.3,-9e-04,413,290,230,112.677966101695
0,-0.001,414,230,210,102.525423728814
0.05,-0.001,415,230,210,102.525423728814
0.1,-0.001,416,210,210,102.525423728814
0.15,-0.001,417,250,210,102.525423728814
0.2,-0.001,418,230,210,102.525423728814
0.25,-0.001,419,230,210,102.525423728814
0.3,-0.001,420,270,220,102.525423728814
0,-1e-04,421,210,590,600
0.05,-1e-04,422,210,210,600
0.1,-1e-04,423,550,510,600
0.15,-1e-04,424,590,210,600
0.2,-1e-04,425,390,370,600
0.25,-1e-04,426,280,590,600
0.3,-1e-04,427,280,320,600
0,-2e-04,428,590,570,478.169491525424
0.05,-2e-04,429,570,570,478.169491525424
0.1,-2e-04,430,590,590,478.169491525424
0.15,-2e-04,431,590,590,478.169491525424
0.2,-2e-04,432,590,590,478.169491525424
0.25,-2e-04,433,590,590,478.169491525424
0.3,-2e-04,434,570,590,478.169491525424
0,-3e-04,435,470,450,315.728813559322
0.05,-3e-04,436,480,450,315.728813559322
0.1,-3e-04,437,440,450,315.728813559322
0.15,-3e-04,438,490,450,315.728813559322
0.2,-3e-04,439,460,440,315.728813559322
0.25,-3e-04,440,490,450,315.728813559322
0.3,-3e-04,441,460,460,315.728813559322
0,-4e-04,442,340,360,254.813559322034
0.05,-4e-04,443,390,360,254.813559322034
0.1,-4e-04,444,360,360,254.813559322034
0.15,-4e-04,445,350,320,254.813559322034
0.2,-4e-04,446,390,360,254.813559322034
0.25,-4e-04,447,380,360,254.813559322034
0.3,-4e-04,448,340,340,254.813559322034
0,-5e-04,449,320,300,193.898305084746
0.05,-5e-04,450,310,300,193.898305084746
0.1,-5e-04,451,320,320,193.898305084746
0.15,-5e-04,452,340,330,193.898305084746
0.2,-5e-04,453,300,350,193.898305084746
0.25,-5e-04,454,330,330,193.898305084746
0.3,-5e-04,455,280,280,193.898305084746
0,-6e-04,456,290,230,173.593220338983
0.05,-6e-04,457,270,260,173.593220338983
0.1,-6e-04,458,270,290,173.593220338983
0.15,-6e-04,459,300,230,173.593220338983
0.2,-6e-04,460,270,260,173.593220338983
0.25,-6e-04,461,300,260,173.593220338983
0.3,-6e-04,462,310,270,173.593220338983
0,-7e-04,463,290,260,143.135593220339
0.05,-7e-04,464,270,260,143.135593220339
0.1,-7e-04,465,270,260,143.135593220339
0.15,-7e-04,466,310,230,143.135593220339
0.2,-7e-04,467,300,270,143.135593220339
0.25,-7e-04,468,270,260,143.135593220339
0.3,-7e-04,469,300,240,143.135593220339
0,-8e-04,470,270,230,132.983050847458
0.05,-8e-04,471,290,260,132.983050847458
0.1,-8e-04,472,230,230,132.983050847458
0.15,-8e-04,473,270,230,132.983050847458
0.2,-8e-04,474,270,230,132.983050847458
0.25,-8e-04,475,230,220,132.983050847458
0.3,-8e-04,476,240,230,132.983050847458
0,-9e-04,477,260,230,112.677966101695
0.05,-9e-04,478,270,230,112.677966101695
0.1,-9e-04,479,230,230,112.677966101695
0.15,-9e-04,480,260,220,112.677966101695
0.2,-9e-04,481,290,230,112.677966101695
0.25,-9e-04,482,300,240,112.677966101695
0.3,-9e-04,483,220,210,112.677966101695
0,-0.001,484,230,210,102.525423728814
0.05,-0.001,485,210,210,102.525423728814
0.1,-0.001,486,260,210,102.525423728814
0.15,-0.001,487,220,210,102.525423728814
0.2,-0.001,488,260,210,102.525423728814
0.25,-0.001,489,260,220,102.525423728814
0.3,-0.001,490,270,210,102.525423728814
0,-1e-04,491,210,590,600
0.05,-1e-04,492,590,440,600
0.1,-1e-04,493,210,210,600
0.15,-1e-04,494,210,210,600
0.2,-1e-04,495,420,330,600
0.25,-1e-04,496,220,210,600
0.3,-1e-04,497,210,210,600
0,-2e-04,498,590,570,478.169491525424
0.05,-2e-04,499,590,580,478.169491525424
0.1,-2e-04,500,590,580,478.169491525424
0.15,-2e-04,501,590,580,478.169491525424
0.2,-2e-04,502,590,590,478.169491525424
0.25,-2e-04,503,500,590,478.169491525424
0.3,-2e-04,504,590,590,478.169491525424
0,-3e-04,505,470,450,315.728813559322
0.05,-3e-04,506,470,440,315.728813559322
0.1,-3e-04,507,480,450,315.728813559322
0.15,-3e-04,508,480,450,315.728813559322
0.2,-3e-04,509,490,490,315.728813559322
0.25,-3e-04,510,430,430,315.728813559322
0.3,-3e-04,511,460,430,315.728813559322
0,-4e-04,512,340,360,254.813559322034
0.05,-4e-04,513,370,360,254.813559322034
0.1,-4e-04,514,360,360,254.813559322034
0.15,-4e-04,515,350,360,254.813559322034
0.2,-4e-04,516,390,360,254.813559322034
0.25,-4e-04,517,400,330,254.813559322034
0.3,-4e-04,518,350,330,254.813559322034
0,-5e-04,519,320,300,193.898305084746
0.05,-5e-04,520,310,290,193.898305084746
0.1,-5e-04,521,320,270,193.898305084746
0.15,-5e-04,522,310,290,193.898305084746
0.2,-5e-04,523,330,300,193.898305084746
0.25,-5e-04,524,320,300,193.898305084746
0.3,-5e-04,525,310,300,193.898305084746
0,-6e-04,526,290,230,173.593220338983
0.05,-6e-04,527,240,230,173.593220338983
0.1,-6e-04,528,270,260,173.593220338983
0.15,-6e-04,529,290,220,173.593220338983
0.2,-6e-04,530,310,270,173.593220338983
0.25,-6e-04,531,300,290,173.593220338983
0.3,-6e-04,532,260,240,173.593220338983
0,-7e-04,533,290,260,143.135593220339
0.05,-7e-04,534,270,260,143.135593220339
0.1,-7e-04,535,290,260,143.135593220339
0.15,-7e-04,536,280,260,143.135593220339
0.2,-7e-04,537,280,260,143.135593220339
0.25,-7e-04,538,280,260,143.135593220339
0.3,-7e-04,539,310,270,143.135593220339
0,-8e-04,540,270,230,132.983050847458
0.05,-8e-04,541,270,230,132.983050847458
0.1,-8e-04,542,240,210,132.983050847458
0.15,-8e-04,543,240,220,132.983050847458
0.2,-8e-04,544,300,260,132.983050847458
0.25,-8e-04,545,250,230,132.983050847458
0.3,-8e-04,546,350,230,132.983050847458
0,-9e-04,547,260,230,112.677966101695
0.05,-9e-04,548,270,230,112.677966101695
0.1,-9e-04,549,260,210,112.677966101695
0.15,-9e-04,550,260,230,112.677966101695
0.2,-9e-04,551,340,250,112.677966101695
0.25,-9e-04,552,240,210,112.677966101695
0.3,-9e-04,553,230,210,112.677966101695
0,-0.001,554,230,210,102.525423728814
0.05,-0.001,555,230,230,102.525423728814
0.1,-0.001,556,260,210,102.525423728814
0.15,-0.001,557,250,210,102.525423728814
0.2,-0.001,558,320,210,102.525423728814
0.25,-0.001,559,260,210,102.525423728814
0.3,-0.001,560,260,210,102.525423728814
0,-1e-04,561,210,590,600
0.05,-1e-04,562,210,540,600
0.1,-1e-04,563,210,580,600
0.15,-1e-04,564,260,550,600
0.2,-1e-04,565,350,320,600
0.25,-1e-04,566,590,550,600
0.3,-1e-04,567,310,280,600
0,-2e-04,568,590,570,478.169491525424
0.05,-2e-04,569,590,590,478.169491525424
0.1,-2e-04,570,210,550,478.169491525424
0.15,-2e-04,571,590,590,478.169491525424
0.2,-2e-04,572,590,590,478.169491525424
0.25,-2e-04,573,590,590,478.169491525424
0.3,-2e-04,574,580,590,478.169491525424
0,-3e-04,575,470,450,315.728813559322
0.05,-3e-04,576,480,450,315.728813559322
0.1,-3e-04,577,450,450,315.728813559322
0.15,-3e-04,578,460,450,315.728813559322
0.2,-3e-04,579,490,440,315.728813559322
0.25,-3e-04,580,430,410,315.728813559322
0.3,-3e-04,581,460,460,315.728813559322
0,-4e-04,582,340,360,254.813559322034
0.05,-4e-04,583,390,390,254.813559322034
0.1,-4e-04,584,390,370,254.813559322034
0.15,-4e-04,585,320,300,254.813559322034
0.2,-4e-04,586,380,330,254.813559322034
0.25,-4e-04,587,410,370,254.813559322034
0.3,-4e-04,588,350,380,254.813559322034
0,-5e-04,589,320,300,193.898305084746
0.05,-5e-04,590,300,300,193.898305084746
0.1,-5e-04,591,300,270,193.898305084746
0.15,-5e-04,592,320,270,193.898305084746
0.2,-5e-04,593,280,280,193.898305084746
0.25,-5e-04,594,350,320,193.898305084746
0.3,-5e-04,595,370,330,193.898305084746
0,-6e-04,596,290,230,173.593220338983
0.05,-6e-04,597,260,260,173.593220338983
0.1,-6e-04,598,310,260,173.593220338983
0.15,-6e-04,599,310,300,173.593220338983
0.2,-6e-04,600,320,270,173.593220338983
0.25,-6e-04,601,290,240,173.593220338983
0.3,-6e-04,602,270,260,173.593220338983
0,-7e-04,603,290,260,143.135593220339
0.05,-7e-04,604,270,260,143.135593220339
0.1,-7e-04,605,240,220,143.135593220339
0.15,-7e-04,606,250,240,143.135593220339
0.2,-7e-04,607,300,260,143.135593220339
0.25,-7e-04,608,240,220,143.135593220339
0.3,-7e-04,609,250,210,143.135593220339
0,-8e-04,610,270,230,132.983050847458
0.05,-8e-04,611,270,260,132.983050847458
0.1,-8e-04,612,260,280,132.983050847458
0.15,-8e-04,613,240,260,132.983050847458
0.2,-8e-04,614,270,210,132.983050847458
0.25,-8e-04,615,220,210,132.983050847458
0.3,-8e-04,616,240,250,132.983050847458
0,-9e-04,617,260,230,112.677966101695
0.05,-9e-04,618,230,230,112.677966101695
0.1,-9e-04,619,270,230,112.677966101695
0.15,-9e-04,620,240,220,112.677966101695
0.2,-9e-04,621,260,210,112.677966101695
0.25,-9e-04,622,250,220,112.677966101695
0.3,-9e-04,623,230,230,112.677966101695
0,-0.001,624,230,210,102.525423728814
0.05,-0.001,625,240,210,102.525423728814
0.1,-0.001,626,250,210,102.525423728814
0.15,-0.001,627,210,210,102.525423728814
0.2,-0.001,628,270,220,102.525423728814
0.25,-0.001,629,210,210,102.525423728814
0.3,-0.001,630,270,220,102.525423728814
0,-1e-04,631,210,590,600
0.05,-1e-04,632,220,210,600
0.1,-1e-04,633,230,210,600
0.15,-1e-04,634,530,520,600
0.2,-1e-04,635,590,520,600
0.25,-1e-04,636,210,210,600
0.3,-1e-04,637,210,380,600
0,-2e-04,638,590,570,478.169491525424
0.05,-2e-04,639,580,570,478.169491525424
0.1,-2e-04,640,590,590,478.169491525424
0.15,-2e-04,641,590,590,478.169491525424
0.2,-2e-04,642,590,590,478.169491525424
0.25,-2e-04,643,590,580,478.169491525424
0.3,-2e-04,644,590,580,478.169491525424
0,-3e-04,645,470,450,315.728813559322
0.05,-3e-04,646,470,450,315.728813559322
0.1,-3e-04,647,450,450,315.728813559322
0.15,-3e-04,648,450,450,315.728813559322
0.2,-3e-04,649,470,440,315.728813559322
0.25,-3e-04,650,470,450,315.728813559322
0.3,-3e-04,651,460,440,315.728813559322
0,-4e-04,652,340,360,254.813559322034
0.05,-4e-04,653,390,390,254.813559322034
0.1,-4e-04,654,350,360,254.813559322034
0.15,-4e-04,655,340,350,254.813559322034
0.2,-4e-04,656,370,330,254.813559322034
0.25,-4e-04,657,390,370,254.813559322034
0.3,-4e-04,658,370,350,254.813559322034
0,-5e-04,659,320,300,193.898305084746
0.05,-5e-04,660,320,300,193.898305084746
0.1,-5e-04,661,340,330,193.898305084746
0.15,-5e-04,662,330,270,193.898305084746
0.2,-5e-04,663,340,330,193.898305084746
0.25,-5e-04,664,310,250,193.898305084746
0.3,-5e-04,665,300,260,193.898305084746
0,-6e-04,666,290,230,173.593220338983
0.05,-6e-04,667,270,260,173.593220338983
0.1,-6e-04,668,230,260,173.593220338983
0.15,-6e-04,669,270,290,173.593220338983
0.2,-6e-04,670,310,260,173.593220338983
0.25,-6e-04,671,320,220,173.593220338983
0.3,-6e-04,672,340,290,173.593220338983
0,-7e-04,673,290,260,143.135593220339
0.05,-7e-04,674,270,270,143.135593220339
0.1,-7e-04,675,260,260,143.135593220339
0.15,-7e-04,676,270,230,143.135593220339
0.2,-7e-04,677,300,290,143.135593220339
0.25,-7e-04,678,300,230,143.135593220339
0.3,-7e-04,679,260,210,143.135593220339
0,-8e-04,680,270,230,132.983050847458
0.05,-8e-04,681,290,230,132.983050847458
0.1,-8e-04,682,270,260,132.983050847458
0.15,-8e-04,683,290,260,132.983050847458
0.2,-8e-04,684,250,220,132.983050847458
0.25,-8e-04,685,270,230,132.983050847458
0.3,-8e-04,686,300,260,132.983050847458
0,-9e-04,687,260,230,112.677966101695
0.05,-9e-04,688,280,230,112.677966101695
0.1,-9e-04,689,280,220,112.677966101695
0.15,-9e-04,690,240,230,112.677966101695
0.2,-9e-04,691,270,230,112.677966101695
0.25,-9e-04,692,220,210,112.677966101695
0.3,-9e-04,693,240,230,112.677966101695
0,-0.001,694,230,210,102.525423728814
0.05,-0.001,695,230,210,102.525423728814
0.1,-0.001,696,230,230,102.525423728814
0.15,-0.001,697,220,220,102.525423728814
0.2,-0.001,698,250,210,102.525423728814
0.25,-0.001,699,250,210,102.525423728814
0.3,-0.001,700,220,210,102.525423728814
